chunks,vectors
"Vedanshu Nagar
House No. 1393
Dhakdo Ka Mohalla,
Siswali District- Baran,
Rajasthan -325206
Mobile No.: 7568654150
Email-id :vn16490cse2016@gmail.com
ACADEMIC DETAILS
Qualiﬁcation School/College Board/University Year Percentage(%)
B-tech(Computer Science Rajasthan Technical Rajasthan Technical 2020 68.59
and Engineering) University, Kota University, Kota
XII Maa Bharti Vidhya Bhawan RBSE 2015 77.40
X Maa Bharti Vidhya Bhawan RBSE 2013 85.33
TECHNICAL SKILLS
• Languages:- Java, JSP , HTML, CSS, JavaScript, C, C++, SQL, Python(Basic Knowledge).
TRAININGS AND ADDITIONAL INFORMATION
• Coordinator of Programming Club
• Active participant of hackathons and competition
• Attended Workshop on Ethical Hacking at IIT Delhi.
• Attended Workshop on Internet of Things at my college campus lectured by faculties of Jadavpur Uni-
versity, Kolkata.
• Advanced Java Training
- 12 Weeks Of Advanced Java Training from Ascent Education, Kota.
MINOR PROJECTS
• Room Seeker
◦ This website has been designed by using HTML, CSS, JS and PHP . This website will help to ﬁnd rooms
and hostels for rent.
- http://www.roomseeker.in/
• University Management System
◦ This is basically a database system which handle the data of the university through a website.
• Online Quiz System
◦ It is platform for student to test their knowledge. This is designed in Java Technology.
Certiﬁcation
• Certiﬁed in Data Visualization by University of Illinois on Coursera.
- https://www.coursera.org/account/accomplishments/verify/XLP5LGH5AVXZ
INTEREST AND HOBBIES
• Passionate programmer
• Exploring about new technology trends and research
• Cricket","[-0.02569444291293621, 0.011860471218824387, -0.00944553129374981, 0.0068358383141458035, 0.013840463012456894, 0.007069542072713375, -0.02957652322947979, 0.01608661562204361, -0.048740241676568985, 0.008127701468765736, 0.009094975888729095, -0.06528127938508987, 0.0011117163812741637, -0.0017186972545459867, 0.013119875453412533, 0.047052379697561264, 0.01672280952334404, -0.0006763617275282741, -0.016813695430755615, -0.029083147644996643, 0.021695509552955627, -0.012905647046864033, -0.002737905830144882, 0.010971098206937313, 0.006699510850012302, 0.018371721729636192, 0.008549666963517666, 0.019007915630936623, -0.0070825256407260895, -0.007751178462058306, 0.04648110270500183, 0.018099065870046616, 0.020449088886380196, 0.005290796048939228, 0.005505024455487728, -0.005939973518252373, 0.004300800617784262, -0.025850245729088783, 0.011457981541752815, 0.030563272535800934, -0.004894797690212727, -0.02189026214182377, 0.0031631169840693474, 0.009367629885673523, 0.012522632256150246, -0.022201867774128914, 0.04097607731819153, -0.041703157126903534, 0.022136950865387917, -0.012795287184417248, 0.0047162738628685474, 0.03258870542049408, 0.025603557005524635, 0.04043076932430267, -0.021903246641159058, 0.0347699411213398, 0.015710093080997467, 0.04344295337796211, -0.005800400394946337, 0.004648110363632441, 0.01886509545147419, -0.002397087635472417, -0.03025166690349579, -0.030589239671826363, 0.004076834302395582, -0.0018696309998631477, -0.006134726572781801, 0.01865735836327076, -0.023461271077394485, 0.05764695629477501, -0.002246153773739934, 0.011360605247318745, -0.010438772849738598, 0.025811294093728065, 0.006712494418025017, 8.561027061659843e-05, -0.008711961098015308, 0.013671676628291607, 0.011821520514786243, -0.009815562516450882, -0.019851844757795334, -0.01262650080025196, -0.01583992876112461, -0.01393134705722332, 0.020929479971528053, 0.004008670803159475, -0.014307870529592037, -0.11061983555555344, 0.02526598609983921, -0.020630858838558197, -0.012834237888455391, 0.018761226907372475, 0.03284837678074837, 0.0002261977642774582, -0.0010403068736195564, 0.0030073144007474184, 0.018280835822224617, -0.002494464162737131, -0.05208999663591385, 0.04268990829586983, 0.026616273447871208, -0.01968305930495262, -0.00962730124592781, -0.047701556235551834, 0.033108048141002655, -0.025421787053346634, -0.054323166608810425, -0.0061704316176474094, -0.03344561904668808, 0.024746643379330635, -0.030277634039521217, -0.01456754095852375, 0.0156711433082819, 0.0047909291461110115, -0.002280235756188631, 0.028641708195209503, -0.018112050369381905, -0.025408804416656494, -0.029732326045632362, -0.001652967999689281, -0.02165655791759491, -0.0168915968388319, 0.022760160267353058, 0.0022331704385578632, -0.0325627401471138, 0.011763094924390316, -0.016852645203471184, 0.015034949406981468, 0.06091880798339844, 0.00021585149806924164, 0.0428457111120224, -0.005683548282831907, -0.030329568311572075, -0.020682793110609055, 0.008082258515059948, 0.01286669634282589, 0.04780542477965355, 0.02381182834506035, 0.03471800684928894, -0.013321120291948318, 0.0037327702157199383, -0.008627568371593952, -0.020176434889435768, -0.020423121750354767, -0.0016927301185205579, 0.023850778117775917, 0.01839768886566162, 0.0029521342366933823, -0.023461271077394485, 0.0043397508561611176, -0.029238950461149216, 0.02590218000113964, 0.01583992876112461, 0.041209783405065536, 0.04159928858280182, -0.03469204157590866, 0.04985682666301727, 0.05936078354716301, -0.02739528752863407, -0.056244730949401855, 0.018319787457585335, -0.015151800587773323, 0.007238328456878662, 0.008380880579352379, -0.007056558504700661, 0.006511249579489231, -0.01925460249185562, -0.023175634443759918, -0.05123308300971985, 0.03874290734529495, 0.006228857208043337, 0.004693552851676941, -0.0351334810256958, 0.05183032527565956, -0.04689657688140869, -0.004641618579626083, 0.0113541129976511, -0.009893463924527168, -0.022980879992246628, -0.038015831261873245, -0.017281103879213333, 0.00889373105019331, -0.007043574936687946, -0.014580524526536465, 0.02312370017170906, 0.008926189504563808, 0.05951658636331558, -0.040145132690668106, 0.021306002512574196, -0.007991374470293522, -0.023681992664933205, -0.028979280963540077, 0.04344295337796211, 0.027369320392608643, 0.029524588957428932, -0.04172912612557411, 0.004969452973455191, 0.035211384296417236, 0.05271320790052414, -0.02292894572019577, -0.026953846216201782, -0.04074237495660782, -0.0059659406542778015, 0.008380880579352379, -0.017852379009127617, 0.057127613574266434, 0.007264295127242804, -0.017034415155649185, 0.009789595380425453, 0.008939173072576523, -0.06419066339731216, 0.02916104905307293, -0.029446687549352646, 0.00868599396198988, 0.0026356603484600782, 0.008367897011339664, -0.00567705649882555, -0.015917830169200897, -0.03832743316888809, 0.0070176078006625175, -0.039755623787641525, -0.012918630614876747, 0.009984348900616169, 0.029187016189098358, -0.051700491458177567, -0.020189417526125908, 0.008491240441799164, 0.013158826157450676, -0.0228899959474802, 0.019358471035957336, -0.012938106432557106, -0.0036061806604266167, -0.003950244747102261, -0.016190484166145325, 0.015268652699887753, -0.009101467207074165, 0.012522632256150246, -0.005703023634850979, -0.003430902725085616, -0.010477723553776741, 0.015515340492129326, 0.01382747944444418, -0.024473989382386208, -0.033964961767196655, 0.04011916369199753, 0.006517741363495588, 0.003547754604369402, 0.0678260549902916, 0.033938996493816376, 0.0173849705606699, -0.004109293222427368, -0.01425593625754118, 0.0025934637524187565, 0.023915696889162064, 0.014398755505681038, -0.0072188531048595905, 0.027343353256583214, -0.014385771937668324, 0.014398755505681038, 0.02033223770558834, -0.033757224678993225, -0.015034949406981468, -0.013515873812139034, 0.005621876567602158, -0.002622676780447364, -0.03944402188062668, 0.00375224556773901, -0.004317029844969511, 0.023707959800958633, -0.04219653084874153, 0.049415383487939835, -0.05201209336519241, 0.013996264897286892, -0.020514005795121193, -0.006848821882158518, -0.03386109322309494, 0.011996799148619175, 0.006592396646738052, 0.020903512835502625, 0.006004891358315945, 0.04977892339229584, -0.035263318568468094, 0.03713294863700867, 0.006686527281999588, 0.02401956543326378, -0.0114774564281106, 0.0356268584728241, -0.023746909573674202, 0.00337572256103158, -0.02011151611804962, 0.025837261229753494, -0.03944402188062668, -0.007368163671344519, 0.00919884443283081, 0.03879484161734581, 0.046143531799316406, -0.038457270711660385, -0.021098265424370766, -0.0342765673995018, -0.0476236566901207, 0.023837795481085777, -0.028148332610726357, 0.010685460641980171, -0.0045409961603581905, -0.010250511579215527, -0.019436372444033623, -0.030796976760029793, -0.022773144766688347, -0.012788794934749603, -0.039314184337854385, 0.0011336260940879583, -0.022435571998357773, -0.004183948505669832, 0.012522632256150246, 0.01672280952334404, 0.004528012592345476, 0.03367932513356209, 0.02595411241054535, -0.04115784913301468, -0.02568145841360092, -0.007770653814077377, 0.0291350819170475, 0.008309471420943737, 0.058425966650247574, 0.004355980549007654, -0.01241227239370346, -0.015086883679032326, 0.023850778117775917, -0.016021698713302612, -0.01818995177745819, -0.014970031566917896, -0.0029602490831166506, 0.01038034725934267, 0.0033302800729870796, 0.027940595522522926, -0.028537839651107788, 0.06419066339731216, 0.01253561582416296, 0.005018141586333513, 0.00995838176459074, -0.0389246791601181, 0.027343353256583214, -0.02230573631823063, -0.0008869386510923505, 0.016151534393429756, -0.012470697984099388, 0.055829256772994995, -0.014450689777731895, 0.0019491552375257015, -0.0476236566901207, 0.000560321263037622, -0.016138549894094467, 0.0337831936776638, -0.010334904305636883, 0.010730902664363384, 0.0168915968388319, 0.012139617465436459, -0.021552691236138344, -0.026434505358338356, 0.006102267652750015, 0.014814228750765324, -0.0107114277780056, -0.021695509552955627, 0.0018566474318504333, 0.0075304582715034485, -0.027369320392608643, -0.009848021902143955, 0.020449088886380196, 0.0329262800514698, -0.009848021902143955, 0.019631125032901764, 0.021344954147934914, -0.0006735216011293232, -0.0033335259649902582, -0.04907781258225441, 0.01735900342464447, -0.0380677655339241, 0.010458248667418957, -0.01947532221674919, 0.017086349427700043, 0.012003290466964245, -0.01329515315592289, -0.036120232194662094, -0.00243603833951056, 0.007400622591376305, -0.01625540293753147, 0.029446687549352646, -0.00022315474052447826, -0.01668385975062847, 0.005573187954723835, -0.009828546084463596, 0.020501023158431053, 0.017086349427700043, -0.004738995339721441, 0.015138817019760609, 0.018761226907372475, 0.03167985752224922, 0.016579991206526756, 0.05310271307826042, -0.02294193021953106, -0.006972165312618017, 0.03300417959690094, 0.016670875251293182, -0.006050333380699158, -0.0024279234930872917, -0.022357670590281487, -0.0066670519299805164, -0.028018496930599213, 0.012496665120124817, -0.0038723433390259743, -0.010211560875177383, -0.028356069698929787, 0.020864563062787056, -0.0019102045334875584, 0.010873721912503242, 0.02592814527451992, 0.053050778806209564, 0.054946377873420715, -0.006284037604928017, 0.011152868159115314, 0.05081760883331299, 0.03253677114844322, 0.023707959800958633, 0.029706358909606934, -0.05951658636331558, 0.013100400567054749, -0.014554557390511036, 0.031238418072462082, 0.022435571998357773, -0.03640586882829666, -0.01648910716176033, -0.009724677540361881, 0.04227443411946297, 0.04201476275920868, 0.007523966487497091, -0.041235748678445816, 0.02975829318165779, -0.020475056022405624, 0.03264063969254494, -0.013684660196304321, -0.02960249036550522, -0.016008716076612473, 0.0004373832780402154, -0.03723681718111038, -0.039963360875844955, -0.008192619308829308, -0.021176166832447052, -0.0484805703163147, -0.025240018963813782, 0.04196282848715782, 0.018527522683143616, -0.012886172160506248, -0.0359903946518898, -0.024915428832173347, -0.005014895461499691, -0.036951180547475815, -0.024318186566233635, 0.012931614182889462, 0.03313401713967323, 0.006348954979330301, 0.004563717171549797, 0.06325584650039673, -0.0390545129776001, -0.00348283676430583, -0.017073366791009903, 0.03019973449409008, -0.014204001985490322, -0.03757438808679581, 0.004362472333014011, 0.017670609056949615, 0.010263495147228241, -0.041443485766649246, 0.014476656913757324, 0.018293820321559906, 0.024954380467534065, -0.002096842974424362, 0.011834504082798958, -0.02465575933456421, 0.008192619308829308, -0.0016407959628850222, -0.027577057480812073, 0.025824278593063354, -0.00017974099318962544, -0.02379884384572506, 0.032666608691215515, -0.02486349456012249, -0.00010315835243090987, 0.011282703839242458, -0.05125904828310013, 0.03282241150736809, 0.011574833653867245, 0.035886526107788086, -0.035003647208213806, -0.017735527828335762, -0.004875322338193655, -0.012061716057360172, -0.007355180103331804, 0.008212094195187092, 0.00493374839425087, 0.04004126414656639, -0.022539440542459488, 0.039521921426057816, -0.0114774564281106, -0.015710093080997467, -0.03386109322309494, 0.04219653084874153, 0.008621076121926308, 0.013528857380151749, -0.013918363489210606, 0.0007071976433508098, 0.009043041616678238, 0.0013405514182522893, -0.023487238213419914, 0.013554824516177177, -0.011432014405727386, 0.002729790983721614, 0.03167985752224922, 0.012873188592493534, 0.011483948677778244, -0.012425255961716175, -0.014268919825553894, 0.018384704366326332, 0.0031955759041011333, 0.008341929875314236, -0.022851044312119484, -0.003875589231029153, -0.007848555222153664, -0.034562207758426666, -0.00943903997540474, -0.027135616168379784, -0.019981680437922478, -0.010607559233903885, 0.013360070995986462, -0.017956247553229332, -0.013606758788228035, 0.002487972378730774, -0.024123432114720345, 0.00025236772489733994, 0.012691418640315533, -0.011717652902007103, 0.002887216629460454, 0.020033614709973335, -0.015749044716358185, -0.017826411873102188, -0.03043343685567379, -0.0034860826563090086, -0.028667675331234932, -0.007536950055509806, 0.011938372626900673, 0.010971098206937313, 0.00014849934086669236, 0.015982748940587044, 0.008718452416360378, 0.0076083592139184475, -0.005566696170717478, 0.02396763116121292, -0.007569408509880304, -0.011808536946773529, 0.008932681754231453, -0.018813161179423332, 0.005031125154346228, 0.006517741363495588, 0.006011383142322302, 0.01672280952334404, -0.007510982919484377, 0.030511338263750076, 0.0003692196623887867, 0.06284037232398987, -0.009672743268311024, -0.0011774455197155476, 0.012983548454940319, -0.026460472494363785, -0.03087487816810608, -0.02507123164832592, -0.02207203209400177, 0.020656825974583626, 0.017488839104771614, -0.010360871441662312, -0.003197198733687401, 0.031004713848233223, 0.0024814805947244167, -0.008413339033722878, -0.0007558859651908278, 0.007796620950102806, 0.014087149873375893, 0.01629435271024704, -0.001876122783869505, 0.017410937696695328, -0.03404286503791809, 0.0005444975686259568, 0.020202402025461197, 0.002085482468828559, 0.016021698713302612, 0.006394397467374802, -0.0030689863488078117, -0.010484215803444386, -0.0113541129976511, 0.029498621821403503, 0.013567808084189892, -0.03191356360912323, -0.006855313666164875, 0.033523522317409515, 0.018475590273737907, -0.001099544228054583, -0.02892734669148922, 0.009159893728792667, 0.033964961767196655, -0.010036283172667027, -0.012217518873512745, 0.02015046775341034, -0.048973944038152695, -0.01931951940059662, 0.024551890790462494, 0.0441959984600544, 0.015281636267900467, 0.012782303616404533, 0.0173200536519289, -0.0022980880457907915, -0.0038626056630164385, -0.00866651814430952, 0.0035250333603471518, -0.03601636365056038, -0.0026096932124346495, -0.0005749277770519257, -0.0033108049537986517, 0.022136950865387917, -0.012639484368264675, -0.005543975159525871, 0.023656025528907776, 0.015736060217022896, -0.004112538881599903, -0.00541738560423255, -0.02057892456650734, -5.3912157454760745e-05, -0.006056825164705515, 0.025408804416656494, -0.014087149873375893, 0.0016911071725189686, 0.009562383405864239, -0.02015046775341034, -0.0077771455980837345, 0.0027492663357406855, 0.012542108073830605, 0.08143281936645508, -0.0385611392557621, -0.009179368615150452, -0.00230620289221406, 0.016125567257404327, -0.012912139296531677, -0.0008333814912475646, 0.026668207719922066, -0.03767825663089752, 0.03518541529774666, -0.017488839104771614, -0.03606829792261124, -0.014580524526536465, -0.008750911802053452, 0.022422587499022484, 0.0067384615540504456, -0.0035834594164043665, -0.004044375382363796, -0.03871694207191467, -0.023279502987861633, -0.013905379921197891, -0.002973232651129365, 0.008341929875314236, -0.0169565137475729, 0.04279377683997154, 0.006874789018183947, 0.030796976760029793, -0.009159893728792667, -0.010704935528337955, -0.0017105825245380402, 0.03404286503791809, -0.009575366973876953, -0.03199146315455437, -0.015502356924116611, 0.003296198323369026, -0.025240018963813782, 0.0035574922803789377, 0.017034415155649185, -0.010250511579215527, 0.038457270711660385, 0.011172343045473099, 0.015813961625099182, 0.0005473376950249076, -0.013437972404062748, 0.02443503774702549, -0.01456754095852375, 0.008328946307301521, -0.04996069520711899, 0.007004624232649803, 0.025785326957702637, 0.02548670582473278, -0.014411739073693752, -0.00679688761010766, -0.0052388617768883705, -0.002822298789396882, -0.02509719878435135, -0.01038034725934267, 0.013373054563999176, -0.016203468665480614, -0.0380677655339241, -0.004829879850149155, -0.015346554107964039, 0.012061716057360172, 8.180650183930993e-05, -0.0017430413281545043, -0.00835491344332695, 0.007725211326032877, 0.019150733947753906, 0.02035820484161377, 0.0054433527402579784, -0.010821787640452385, -0.007582392077893019, 0.011133392341434956, 0.008484749123454094, 0.01241227239370346, 0.0016911071725189686, 0.024941395968198776, 0.01926758512854576, -0.011750111356377602, -0.008673010393977165, -0.008608092553913593, -0.021357936784625053, -0.004209915641695261, 0.030926812440156937, -0.007757670246064663, 0.008322454988956451, -0.006952689960598946, -0.013814495876431465, 0.029212983325123787, 0.024136416614055634, 0.0013592152390629053, -0.012853712774813175, -0.0160346832126379, 0.04858443886041641, -0.04183299466967583, 0.003654868807643652, 0.038690973073244095, 0.01972201094031334, -0.006128234788775444, -0.009718186222016811, 0.003043019212782383, -0.010990574024617672, -0.02189026214182377, -0.003317296737805009, 0.016450155526399612, 0.00734219653531909, 0.026512406766414642, 0.016554024070501328, 0.002724922262132168, -0.01647612266242504, -0.03835340216755867, -0.038249533623456955, 0.007906980812549591, 0.011289195157587528, 0.01867034286260605, 0.020851578563451767, 0.013879413716495037, 0.037808094173669815, 0.052219830453395844, -0.009640284813940525, 0.01210715901106596, 0.012347354553639889, -0.019851844757795334, -0.009036549367010593, 0.004924010951071978, 0.011399555951356888, -0.008945665322244167, 0.000962405523750931, -0.008575634099543095, 0.06600835919380188, 0.015930814668536186, -0.025227034464478493, -0.011250244453549385, -0.0035347710363566875, -0.00869248528033495, 0.032251134514808655, -0.014035215601325035, 0.022123966366052628, -0.013132859021425247, -0.020319253206253052, -0.004492307547479868, -0.032900311052799225, -0.007868030108511448, 0.011276211589574814, -0.001962138805538416, 0.003989195451140404, 0.01673579402267933, 0.000643902865704149, -0.010795820504426956, 0.021747443825006485, 0.008828813210129738, 0.0011928635649383068, -0.022331703454256058, 0.010906180366873741, 0.02357812412083149, -0.011737127788364887, -0.03798986226320267, 0.018968963995575905, 0.0021650067064911127, -0.015775011852383614, -0.02762899175286293, -0.0002038822858594358, -0.0033302800729870796, 0.005219386424869299, 0.003236149437725544, -0.024993330240249634, 0.003703557187691331, 0.02530493587255478, -0.006433348171412945, -0.011704669333994389, -0.006952689960598946, -0.014320854097604752, -0.004829879850149155, 0.011613784357905388, 0.017943263053894043, 0.014970031566917896, 0.014061182737350464, -0.01189293060451746, 0.010425789281725883, 0.01552832406014204, -0.006874789018183947, -0.017943263053894043, -0.009088483639061451, -0.001715451362542808, 0.012003290466964245, 0.026525389403104782, -0.011386572383344173, 0.003531525144353509, -0.043391019105911255, -0.006829346530139446, -0.020397154614329338, -0.026019031181931496, 0.0027443976141512394, -0.002741151722148061, 0.021500756964087486, 0.03188759461045265, 0.047052379697561264, 0.003327034180983901, 0.016008716076612473, 0.009296220727264881, 0.007160427048802376, -0.020877545699477196, 0.04671480879187584, -0.015359537675976753, -0.013944330625236034, 0.0173849705606699, 0.011834504082798958, 0.009815562516450882, 0.03773019090294838, -0.02978426031768322, 0.01626838557422161, -0.03765229135751724, 0.022799111902713776, 0.011574833653867245, -0.03279644250869751, 0.0021909738425165415, -0.02335740439593792, 0.005001911893486977, -0.02762899175286293, -0.02679804340004921, -0.013554824516177177, 0.030121833086013794, -0.02957652322947979, -0.0015328702284023166, 0.0018842375138774514, 0.0032556247897446156, -0.008939173072576523, 0.013697643764317036, 0.023435305804014206, 0.009185860864818096, 0.008406847715377808, 0.009452023543417454, -0.0026372831780463457, 0.006731969770044088, 0.004878568463027477, 0.002312694676220417, 0.0033951979130506516, -0.01564517617225647, 0.008335437625646591, -0.009211828000843525, 0.0025301689747720957, 0.01839768886566162, -0.03793792799115181, -0.006452823523432016, -0.002880724845454097, 0.05525798350572586, -0.031004713848233223, 0.021150199696421623, -0.006358692888170481, -0.0024214317090809345, -0.02895331382751465, 0.0419887937605381, -0.0021650067064911127, 0.005754957906901836, 0.010088217444717884, -0.025980079546570778, 0.012931614182889462, 0.01776149496436119, -0.00658265920355916, 0.01777447760105133, 0.0011449867160990834, -0.0024863495491445065, 0.004375455901026726, 0.016333304345607758, 0.001136871986091137, -0.0162813700735569, -0.0024847264867275953, -0.02617483399808407, -0.0004430635890457779, -0.015710093080997467, -0.02122810110449791, 0.019657092168927193, 0.01904686540365219, -0.04396229609847069, -0.006855313666164875, 0.017190217971801758, -0.026875944808125496, 0.01883912831544876, 0.017930280417203903, -0.047026410698890686, -0.0007708981866016984, 0.03040746971964836, 0.03380915895104408, -0.006868297234177589, 0.0111398845911026, -0.001115773688070476, 0.0220979992300272, 0.031212450936436653, 0.011483948677778244, -0.0010127167915925384, -0.012068208307027817, 0.017904313281178474, 0.004151489585638046, -0.06050333380699158, -0.007134459912776947, -0.02530493587255478, -0.03658764064311981, 0.007653801701962948, 0.009594841860234737, 0.013139351271092892, -0.004622143227607012, -0.013119875453412533, -0.02120213396847248, 0.0010654624784365296, -0.015969764441251755, -0.0035510004963725805, -0.018722277134656906, -0.011964339762926102, 0.01905984990298748, 0.0010248888283967972, 0.014658425934612751, 0.029420720413327217, -0.002801200607791543, -0.038249533623456955, -0.02718755044043064, -0.020708760246634483, 0.015956781804561615, 0.006634593475610018, 0.006297021172940731, 0.00385935977101326, -0.02168252505362034, 0.01200978271663189, -0.004469586536288261, 0.01382747944444418, -0.00016128001152537763, -0.004969452973455191, 0.016554024070501328, 0.01402223203331232, 0.02122810110449791, 0.057543087750673294, -0.009731169790029526, -0.030771009624004364, 0.0004763339238706976, -0.0057841707020998, -0.011126901023089886, 0.013554824516177177, 0.007316229399293661, 0.03087487816810608, -0.017657626420259476, -0.028018496930599213, 0.0030446420423686504, 0.04289764538407326, 0.003817163174971938, 0.03469204157590866, -0.007238328456878662, -0.011646242812275887, 0.01821591891348362, -0.03492574393749237, 0.015749044716358185, 0.002612939104437828, -0.02016345039010048, -0.028356069698929787, 0.042352333664894104, 0.02399359829723835, 0.003226411761716008, -0.026096932590007782, -0.013016006909310818, -0.003081969916820526, -0.010114184580743313, -0.004106047097593546, 0.012152601033449173, 0.004982436541467905, 0.012581058777868748, 0.042534105479717255, 0.017878346145153046, -0.0028417741414159536, 0.0160996001213789, -0.030978746712207794, -0.0006057636928744614, 0.006978657096624374, -0.056036993861198425, -0.005466073751449585, -0.024798577651381493, 0.006628101691603661, 0.013905379921197891, 0.00922481156885624, -0.006680035497993231, 0.00025378778809681535, -0.01286020502448082, 0.008978123776614666, -0.03884677588939667, 0.00042967431363649666, 0.034406404942274094, 0.015580258332192898, 0.005229124333709478, -0.015372521243989468, 0.014814228750765324, 0.007939440198242664, 0.0056900400668382645, 0.03985949233174324, 0.02612289972603321, 0.007374655455350876, 0.010782836936414242, -0.0009015451651066542, 0.001583181438036263, -0.0063846600241959095, -0.013132859021425247, 0.007945931516587734, -0.004381947685033083, -0.02121511846780777, 0.029836194589734077, 0.006959181744605303, -0.0038528679870069027, -0.02425326779484749, 0.0012488550273701549, -0.006504757795482874, 0.018280835822224617, 0.0014484771527349949, -0.026694174855947495, 0.009088483639061451, 0.030147800222039223, -0.005096042528748512, -0.013606758788228035, -0.014152067713439465, -0.003081969916820526, 0.007413606159389019, 0.010867229662835598, -0.002590217860415578, -0.010776345618069172, -0.0024912182707339525, -0.007140951696783304, -0.019384438171982765, -0.005320008844137192, 0.0021146954968571663, -0.021526724100112915, -0.0010338150896131992, -0.01844962313771248, 0.0007680580602027476, -0.008705468848347664, -0.005326500628143549, 0.024266252294182777, 0.00021219986956566572, 0.024928413331508636, 0.008387371897697449, -0.008205602876842022, -0.02247452177107334, -0.0034503780771046877, -0.019124766811728477, -0.0017219431465491652, 0.0004982436657883227, 0.013528857380151749, -0.0373406857252121, -0.015593241900205612, 0.018047131597995758, -0.01800818182528019, -0.0028953312430530787, -0.025863228365778923, -0.01532058697193861, 0.005190173629671335, 0.008913205936551094, 0.031420186161994934, 0.01777447760105133, -0.013067941181361675, -0.04536451771855354, 0.025564607232809067, -0.006731969770044088, 0.02312370017170906, -0.008114717900753021, -0.0017787461401894689, -0.032017432153224945, -0.008874255232512951, 0.02098141424357891, 0.016164517030119896, -0.028589773923158646, 0.02140987105667591, 0.0015052801463752985, 0.016852645203471184, -0.002010826952755451, -0.029083147644996643, -0.02999199740588665, 0.009815562516450882, -0.010893196798861027, 0.01589186303317547, -0.004566963296383619, 0.003005691571161151, 0.014242952689528465, 0.000913717201910913, -0.00847176555544138, 0.004268341697752476, -0.013554824516177177, 0.01607363298535347, -0.003424410941079259, -0.03425060212612152, -0.004768208134919405, 0.010211560875177383, 0.019163716584444046, 0.027706893160939217, -0.0017657625721767545, 0.009711693972349167, 0.0011595931136980653, 0.011977323330938816, 0.005394664593040943, 0.00016067140677478164, 0.002280235756188631, -0.027706893160939217, 3.5476532502798364e-05, -0.008737928234040737, -0.013528857380151749, -0.014580524526536465, 0.0059334817342460155, 0.00337572256103158, -0.014502624049782753, -0.024058515205979347, 0.01338603813201189, 0.03466607257723808, -0.01712530106306076, 0.003677590051665902, -0.03453623875975609, -0.020085548982024193, 0.003963228315114975, -0.007660293485969305, -0.004258603788912296, 0.012042241171002388, 0.027914628386497498, 0.0025885950308293104, 0.011399555951356888, 0.022967897355556488, -0.020397154614329338, 0.0009193975129164755, 0.012996532022953033, 0.004982436541467905, -0.011126901023089886, 0.005251845344901085, -0.008835304528474808, -0.02996603026986122, 0.02783672697842121, -0.017969230189919472, 0.013399021700024605, 0.022851044312119484, 0.005888039246201515, -0.025395819917321205, 0.02057892456650734, 0.009886971674859524, -0.022422587499022484, -0.016216451302170753, 0.01711231656372547, -0.005774433258920908, 0.01673579402267933, -0.013515873812139034, 0.007407114375382662, -0.014840195886790752, -0.015813961625099182, 0.028563806787133217, -0.009484481997787952, -0.02594112977385521, 0.012366829439997673, -0.007919964380562305, -0.032666608691215515, 0.0179951973259449, -0.01520373485982418, 0.04645513743162155, 0.015736060217022896, -0.03944402188062668, 0.007076033856719732, -0.005268074572086334, 0.0035510004963725805, -0.003305935999378562, -0.042767807841300964, 0.021786393597722054, 0.011198310181498528, 0.019111784175038338, 0.022786127403378487, 0.006433348171412945, 0.003654868807643652, 0.002285104477778077, 0.023227568715810776, -0.020319253206253052, -0.006504757795482874, 0.004768208134919405, -0.0071863941848278046, 0.013775545172393322, 0.013048466295003891, -0.011821520514786243, 0.03451027348637581, -0.008621076121926308, 0.038041796535253525, 0.049363452941179276, -0.013048466295003891, -0.03271854296326637, 0.010698444209992886, 0.029031213372945786, 0.0014979769475758076, 0.0019881059415638447, 0.014450689777731895, 0.01755375787615776, -0.008004358038306236, 0.02205904945731163, 0.02679804340004921, -0.0291350819170475, -0.03757438808679581, -0.008718452416360378, 0.019851844757795334, 0.017696576192975044, 0.010782836936414242, -0.017683593556284904, 0.008380880579352379, 0.02143583819270134, 0.01931951940059662, 0.012100666761398315, 0.00514797680079937, -0.0272394847124815, -0.015307603403925896, 0.001871253945864737, -0.00814717635512352, 0.008296487852931023, -0.0059334817342460155, 0.0042001777328550816, 0.015294619835913181, 0.018073098734021187, 0.006124989129602909, -0.0003331091720610857, 0.001945909345522523, -0.03126438334584236, -0.0003722626715898514, 0.021280035376548767, 0.0031582482624799013, 0.0035445087123662233, -0.015593241900205612, -0.02268225885927677, 0.010308937169611454, -0.015047932974994183, -0.0017868608701974154, -0.009912938810884953, -0.0272394847124815, 0.0018306802958250046, 0.0042001777328550816, 0.02804446406662464, -0.00825753714889288, -0.046636905521154404, -0.018968963995575905, 0.014671409502625465, 0.005173943936824799, -0.011964339762926102, 0.0035769676323980093, 0.001913450425490737, -0.0034276568330824375, -0.012334370985627174, -0.006718986202031374, 0.02053997293114662, -0.02398061379790306, -0.018761226907372475, 0.016151534393429756, -0.018735259771347046, 0.022812094539403915, 0.018086083233356476, -0.00734219653531909, 0.0038463762030005455, -0.028667675331234932, 0.023928679525852203, 0.01994273066520691, 0.023850778117775917, 0.01608661562204361, 0.0002834065235219896, -0.0031371498480439186, -0.002806069329380989, -0.002783348085358739, 0.0027119386941194534, -0.0041222767904400826, -0.005683548282831907, -0.006196398288011551, -0.02679804340004921, 0.002246153773739934, -0.0005513950600288808, -0.019877811893820763, 0.012288928963243961, -0.013554824516177177, 0.03061520680785179, 0.008627568371593952, 0.010198577307164669, -0.028174299746751785, -0.023656025528907776, 0.01820293441414833, -0.008212094195187092, -0.027135616168379784, 0.025668475776910782, 0.03045940399169922, 0.02208501659333706, 0.03196549788117409, -0.021513739600777626, 0.002924544271081686, 0.008757403120398521, 0.011120408773422241, 0.016618942841887474, 0.024499956518411636, -0.041002046316862106, 0.029706358909606934, 0.003736016107723117, -0.016216451302170753, 0.010036283172667027, -0.003768475027754903, 0.017190217971801758, -0.008549666963517666, -0.0046513560228049755, 0.010224544443190098, 0.013892396353185177, -0.002401956357061863, 0.017878346145153046, 0.005297287832945585, 0.016605958342552185, -0.0001950575242517516, -0.0020871052984148264, -0.0061704316176474094, -0.008634059689939022, 0.013762561604380608, -0.01867034286260605, -0.027784792706370354, 0.005576434079557657, 0.0008390618022531271, -0.0031761005520820618, 0.003976211883127689, -0.018293820321559906, 0.023422321304678917, -5.771592987002805e-05, -0.0017657625721767545, -0.010049266740679741, 0.005050600506365299, 0.0013843708438798785, -0.010302445851266384, 0.019747978076338768, -0.007134459912776947, 0.004109293222427368, -0.012697909958660603, -0.010886705480515957, 0.024370120838284492, -0.030277634039521217, -0.00407358817756176, -0.005021387245506048, 0.008588617667555809, -0.017255136743187904, -0.004794175270944834, 0.009971365332603455, 0.0024376611690968275, -0.011191818863153458, 0.004407914821058512, -0.008069274947047234, 0.012730369344353676, -0.018306802958250046, 0.006443086080253124, -0.009030058048665524, 0.013373054563999176, -0.0017511560581624508, 0.005096042528748512, 0.003210182301700115, 0.006572921294718981, 0.013373054563999176, 0.01863139122724533, -0.007939440198242664, 0.003794441930949688, -0.018955981358885765, 0.02465575933456421, -0.022175900638103485, -0.006514495238661766, -0.0037911960389465094, 0.0029164296574890614, 0.022786127403378487, 0.008854780346155167, 0.0019215651554986835, 0.030043931677937508, -0.03323788568377495, -0.011107426136732101, -0.017748510465025902, -0.027706893160939217, 0.013606758788228035, 0.003327034180983901, 0.009757136926054955, -0.00012902401795145124, 0.02078666165471077, -0.03321191668510437, 0.01865735836327076, -0.012295420281589031, 0.007238328456878662, -0.0042326366528868675, 0.0025545130483806133, 0.021591641008853912, -0.0055147623643279076, -0.00856914184987545, -0.01867034286260605, -0.02229275181889534, -0.00670600263401866, -0.01931951940059662, 0.004375455901026726, -0.004031391814351082, -0.0026746110524982214, 0.00392103148624301, 0.02139688841998577, -0.017891330644488335, 0.02529195323586464, -0.004446865525096655, 0.024733658879995346, 0.013223743997514248, 0.03788599371910095, -0.015268652699887753, 0.00348283676430583, 0.000943741702940315, -0.04720818251371384, 0.031601957976818085, 0.011328145861625671, -0.00995838176459074, -0.013308136723935604, 0.00664433091878891, -0.025395819917321205, 0.0228899959474802, 0.0023727435618638992, 0.007446065079420805, -0.014424722641706467, 0.012048732489347458, -0.007796620950102806, 0.012120142579078674, 3.583155194064602e-05, -0.007666785269975662, 0.0069397068582475185, -0.000701923097949475, -0.001999466447159648, 0.012717385776340961, 0.0072188531048595905, 0.033289819955825806, 0.005852334666997194, -9.2102047346998e-05, 0.0023857271298766136, 0.0017641396261751652, -0.001120642526075244, -0.017294086515903473, 0.031134549528360367, 0.013126367703080177, -0.009757136926054955, -0.01543743908405304, -0.00015772982442285866, -0.003638639347627759, -0.025811294093728065, 0.01861840859055519, 0.045494355261325836, 0.049181681126356125, -0.0225264560431242, -0.0018485327018424869, -0.020656825974583626, 0.004777946043759584, -0.011964339762926102, -0.007277278695255518, -0.011457981541752815, 0.02503228187561035, -0.008075767196714878, 0.0030884614679962397, 0.02122810110449791, 2.5104907763306983e-05, 0.01606064848601818, 0.009575366973876953, 0.011620275676250458, 0.021747443825006485, -0.005712761078029871, -0.0062126279808580875, 0.01382747944444418, -0.005605646874755621, 0.0014939195243641734, 0.026408538222312927, -0.0037457537837326527, 0.006514495238661766, 0.010393330827355385, 0.013236727565526962, 0.0019524011295288801, -0.002215317916125059, -0.011873454786837101, -0.045338552445173264, -0.003628901671618223, -0.004732503555715084, 0.018099065870046616, 0.010023299604654312, -0.009711693972349167, -0.002531792037189007, -0.027784792706370354, 0.013126367703080177, 0.00664433091878891, 0.04417003318667412, 0.03066714107990265, -0.002226678654551506, 0.014178034849464893, -0.03939208760857582, -0.009218319319188595, -0.004674077499657869, -0.014191018417477608, -0.008101734332740307, 0.011010048910975456, -0.00021585149806924164, -0.01308092474937439, -0.006478790659457445, -0.009309204295277596, -0.008543174713850021, 0.01328866183757782, 0.017281103879213333, -0.013132859021425247, 0.020280303433537483, 0.009120943024754524, -0.027810759842395782, -0.01371062733232975, -0.007179902400821447, -0.018566474318504333, 0.018086083233356476, -0.00856914184987545, 0.009452023543417454, -0.009854513220489025, -0.012555091641843319, 0.001968630589544773, 0.01489213015884161, 0.008608092553913593, -0.002861249493435025, 0.0026518898084759712, 0.00847176555544138, 0.010893196798861027, -0.035445086658000946, 0.0023954645730555058, -0.003768475027754903, 0.008523699827492237, 0.007796620950102806, -0.024811560288071632, -0.038041796535253525, 0.007316229399293661, -0.03967772424221039, 0.015502356924116611, 0.01189942192286253, 0.027784792706370354, -0.0074655404314398766, -0.00986100547015667, 0.0018306802958250046, 0.006040595937520266, 0.02505824901163578, -0.013879413716495037, -0.009302712045609951, -0.01863139122724533, -0.02378586120903492, -0.00622236542403698, 0.04004126414656639, -0.009607825428247452, 0.016385238617658615, 0.013321120291948318, 0.02508421614766121, -0.00014393481251318008, 0.014606491662561893, -0.0023289239034056664, 0.02525300160050392, 0.014905113726854324, 0.012282436713576317, -0.0017608937341719866, -0.01709933392703533, 0.0017641396261751652, 0.016969498246908188, 0.000992430024780333, 0.0012374944053590298, -0.02804446406662464, 0.003563984064385295, 0.002770364750176668, 0.005388172809034586, 0.02272121049463749, 0.0036840818356722593, -0.0009551022667437792, 0.018968963995575905, 0.0072513120248913765, -0.007179902400821447, -0.022877011448144913, -0.02375989407300949, 0.02739528752863407, 0.023733926936984062, -0.0158529132604599, -0.0010930524440482259, 0.00784206297248602, 0.0031582482624799013, 0.00611525122076273, -0.020176434889435768, -0.014853179454803467, -0.0009372499189339578, 0.025629524141550064, 0.013035482726991177, 0.022448554635047913, -0.020098533481359482, 0.008647043257951736, -0.01607363298535347, 0.033731259405612946, 0.0056153847835958, 0.009400089271366596, 0.02163059078156948, -0.007510982919484377, -0.00647554500028491, 0.006225611548870802, 0.03064117394387722, 0.014229969121515751, 0.0028580036014318466, 0.012892663478851318, 0.014879146590828896, 0.002822298789396882, 0.0025885950308293104, 0.01755375787615776, 0.013269186951220036, 0.03157598897814751, 0.01210715901106596, 0.04899991303682327, -0.0006710871821269393, -0.003710048971697688, 0.017683593556284904, -0.0036094265524297953, -0.003911294043064117, -0.013061449863016605, -0.00696567352861166, -0.012477190233767033, 0.01125673670321703, 0.01543743908405304, -0.011003557592630386, -0.004687061067670584, 0.007588883861899376, -0.0048201424069702625, 2.8224003472132608e-05, 0.007906980812549591, 0.014113117009401321, -0.016411205753684044, -0.01446367334574461, -0.0019215651554986835, 0.013132859021425247, -0.01017261017113924, -0.00012932831305079162, -0.0028823476750403643, -0.01583992876112461, -0.02422730065882206, 0.008815829642117023, 0.0004223710566293448, 0.015021965838968754, -0.005294041708111763, -0.004914273042231798, 0.006404135376214981, 0.025746377184987068, 0.006348954979330301, -0.018267853185534477, 0.0008244553464464843, 0.01969604380428791, 0.012873188592493534, 0.009925922378897667, 0.012249978259205818, 0.022539440542459488, -0.004936994519084692, -0.024798577651381493, -0.00525509100407362, 0.011704669333994389, 0.020072566345334053, -0.012814762070775032, 0.0029002001974731684, 0.002926167333498597, 0.004862338770180941, 0.008328946307301521, -0.0028628723230212927, 0.016021698713302612, -0.007874522358179092, -0.03103068098425865, -0.006241840776056051, -0.020319253206253052, -0.02485051192343235, 0.0007968652644194663, -0.005956202745437622, 0.030537305399775505, -0.021786393597722054, -0.0026567585300654173, 0.018488572910428047, -0.0018144508358091116, -0.01080880407243967, -0.04115784913301468, -0.0004077645717188716, 0.01456754095852375, -0.001548288157209754, -0.007978390902280807, 0.006397643592208624, -0.03487380966544151, 0.004498799331486225, -0.013152334839105606, -0.015359537675976753, -0.004586438648402691, 0.01241227239370346, 0.00889373105019331, -0.017618674784898758, -0.00965326838195324, -0.006400889251381159, 0.006514495238661766, -0.0449230782687664, 0.0009802578715607524, -0.0019524011295288801, 0.0002706258383113891, -0.0059334817342460155, -0.0030673632863909006, -0.009354646317660809, -0.0045442418195307255, 0.00023167519248090684, -0.015554291196167469, -0.011815029196441174, 0.009101467207074165, -0.0114774564281106, 0.009153401479125023, -6.222974479896948e-05, -0.019397420808672905, 0.015710093080997467, -0.0018582703778520226, 0.017307069152593613, 0.0005948088364675641, -0.007166918832808733, -0.0015604601940140128, -0.021267052739858627, 0.007212361320853233, -0.00701111601665616, -0.01520373485982418, -0.0013551578158512712, 0.0004937805933877826, 0.0012172076385468245, 0.005371943116188049, -0.0018842375138774514, -0.01803414896130562, -0.02165655791759491, -0.0067384615540504456, -0.0011036016512662172, 0.026226768270134926, 0.012262961827218533, -0.02057892456650734, 0.005173943936824799, 0.019410405308008194, 0.009218319319188595, 0.0014168297639116645, -0.006985148880630732, 0.010445265099406242, -0.02120213396847248, -0.014905113726854324, 0.005326500628143549, 0.00996487308293581, -0.006608626339584589, -0.013723610900342464, -0.021124232560396194, -0.00012557525769807398, -0.008796353824436665, -0.006725477986037731, 0.01123726088553667, -0.019592175260186195, -0.00823806133121252, -0.000997298862785101, 0.019877811893820763, 0.0017073366325348616, -0.011113917455077171, 0.0025415297131985426, -0.0030365274287760258, 0.005683548282831907, 0.0004937805933877826, -0.006306758616119623, -0.002090351190418005, -0.006034104153513908, 0.01500898227095604, 0.018345754593610764, -0.017190217971801758, 0.001252912450581789, -0.014165051281452179, -0.043806493282318115, -0.016437172889709473, 0.009452023543417454, 0.012516140937805176, -0.013204269111156464, 0.009783104062080383, 0.006150956265628338, -0.003180969273671508, -0.020708760246634483, 0.000978634925559163, 0.014554557390511036, -0.007822588086128235, -0.014216985553503036, -0.005855580326169729, 0.018163984641432762, 0.009075500071048737, -0.00461240578442812, -0.020501023158431053, 0.0007449311087839305, -0.005453090183436871, -0.014165051281452179, 0.017527790740132332, 0.01712530106306076, 0.00514797680079937, -0.0029326588846743107, -0.009711693972349167, -0.012516140937805176, -0.00407358817756176, 0.009023565798997879, -0.017203202471137047, -0.01903388276696205, 0.012048732489347458, -0.010120675899088383, 0.028408003970980644, 0.0009802578715607524, 0.008179635740816593, 0.01552832406014204, -0.01582694612443447, -0.0020724989008158445, -2.710822991502937e-05, 0.016670875251293182, -0.02424028515815735, 0.01565815880894661, -0.017086349427700043, -0.01434682123363018, 0.0024116940330713987, 0.006400889251381159, -0.017826411873102188, 0.003521787468343973, 0.010776345618069172, -0.0028580036014318466, 0.008419831283390522, 0.007381147239357233, -0.0030689863488078117, 0.0022997111082077026, -0.008614584803581238, -0.009588350541889668, -0.0054433527402579784, -0.0501943975687027, 0.03313401713967323, -0.007452556863427162, -0.01500898227095604, 0.004930502735078335, -0.008036816492676735, 0.0004223710566293448, 0.01887807995080948, 0.01582694612443447, -0.009211828000843525, 0.014359804801642895, 0.011211293749511242, -0.014216985553503036, -0.004751978907734156, -0.015151800587773323, 0.0017024677945300937, 0.0160346832126379, 0.014165051281452179, -0.013100400567054749, 0.00476496247574687, -0.027135616168379784, 0.01909879967570305, 0.010795820504426956, -0.009757136926054955, -4.113147588213906e-05, 0.011438505724072456, -0.011243753135204315, -0.01948830671608448, -0.026849977672100067, 0.0014046576106920838, 0.012795287184417248, 0.010419297963380814, 0.0019329257775098085, -0.004768208134919405, 0.011665718629956245, 0.010185593739151955, 0.004807158838957548, 0.011100933887064457, -0.016567008569836617, 0.003305935999378562, -0.010782836936414242, 0.010308937169611454, -0.00219421973451972, 0.0036061806604266167, 0.00044225211604498327, 0.004794175270944834, 0.00974415335804224, -0.009043041616678238, -0.02102036401629448, -0.005449844524264336, -0.02718755044043064, 0.004330013412982225, 0.006001645233482122, 0.00014951366756577045, 0.03412076458334923, 0.010159626603126526, -0.011419030837714672, -0.019410405308008194, -0.005277812480926514, -0.002091974252834916, 0.02999199740588665, -0.02100738137960434, 0.006391151808202267, -0.011847487650811672, 0.021812360733747482, -0.021760426461696625, -0.010257002897560596, -0.005930235609412193, 0.007978390902280807, 0.005628368351608515, -0.0048558469861745834, -0.008134192787110806, 0.010484215803444386, 0.0061379726976156235, -0.00648203631862998, -0.024707691743969917, 0.005242107901722193, -0.006699510850012302, 0.020072566345334053, -0.023409338667988777, -0.013275678269565105, -0.013645709492266178, 0.019825877621769905, 0.0005655958084389567, 6.694642252114136e-06, -0.0023727435618638992, 0.014216985553503036, -0.0013364939950406551, 0.02487647905945778, -0.02700578048825264, -0.022214852273464203, -0.014541573822498322, 0.007316229399293661, 0.010653001256287098, -0.005884793121367693, 0.0018647621618583798, 0.007348688319325447, -0.00869248528033495, 0.004761716350913048, 0.004050867166370153, 0.027992529794573784, -0.008867763914167881, 0.0041255224496126175, -0.007089017424732447, -0.0006658125785179436, 0.00760186742991209, 0.007881013676524162, 0.009471498429775238, -0.0046513560228049755, 0.005199911072850227, 0.01274335291236639, -0.007595375645905733, -0.010205068625509739, 0.02396763116121292, -0.008484749123454094, -0.010997065342962742, -0.006816362962126732, 0.00643010251224041, -0.012405780144035816, 0.017514806240797043, 0.001822565565817058, -0.01231489609926939, 0.006102267652750015, -0.017722543329000473, 0.006624855566769838, -0.0048201424069702625, -0.00563161401078105, -0.006530724931508303, 0.008205602876842022, 0.02055295743048191, -0.008835304528474808, 0.01589186303317547, 0.0019361716695129871, -0.0005960260168649256, 0.019020898267626762, 0.013243219815194607, 0.01114637590944767, 0.0019718764815479517, 0.009380613453686237, 0.009854513220489025, 0.008802846074104309, 0.0067384615540504456, 0.00856265053153038, 0.01886509545147419, 0.021072298288345337, 0.0006077923462726176, 0.00974415335804224, -0.00401191646233201, 0.01026998646557331, 0.01359377522021532, 0.012457714416086674, 0.0029699867591261864, -0.0057646953500807285, 0.005008403677493334, -0.008153668604791164, 0.006176922935992479, -0.006112005561590195, -0.012451223097741604, 0.006332725752145052, 0.0031777233816683292, 0.025149133056402206, 0.0158529132604599, -0.007958915084600449, -0.008874255232512951, 0.015710093080997467, -0.012081191875040531, 0.008848288096487522, 0.029524588957428932, -0.008043307811021805, 0.0028352823574095964, -0.01611258275806904, 0.0019345487235113978, 0.0380677655339241, -0.002364628715440631, 0.0045117828994989395, 0.008874255232512951, -0.01673579402267933, -0.0055504669435322285, 0.010691951960325241, 0.0067384615540504456, 0.009575366973876953, 0.015593241900205612, 0.0066313473507761955, 0.022617341950535774, 0.0010265117743983865, 0.01864437572658062, 0.0016975989565253258, -0.015398488380014896, 0.0005692474660463631, -0.01886509545147419, 0.013788528740406036, -0.007024099584668875, -0.00878337025642395, 0.007868030108511448, 0.0035412628203630447, -0.032017432153224945, -0.0008974878001026809, 0.0044014230370521545, -0.012697909958660603, 0.005673810839653015, 0.017410937696695328, 0.008393864147365093, -0.004735749214887619, -0.005884793121367693, -0.0028953312430530787, 0.018488572910428047, -0.013892396353185177, -0.0014987883623689413, -0.0019377946155145764, 0.01800818182528019, -0.004138506017625332, 0.0014882392715662718, -0.014957047998905182, -0.000574116304051131, 0.016657892614603043, -0.010127168148756027, -0.02144882269203663, -0.008251044899225235, -0.0272394847124815, -9.2406349722296e-05, -0.024279234930872917, -0.004476078320294619, -0.010127168148756027, -0.00599190779030323, 0.008763895370066166, 0.023941664025187492, -0.020630858838558197, -0.023461271077394485, -0.018981948494911194, -0.00771871954202652, 0.007433081511408091, -0.008108225651085377, -0.003447132185101509, -0.0001440362393623218, -0.02290297858417034, 0.008517207577824593, -0.011704669333994389, -0.007868030108511448, 0.01907283253967762, -0.012431747280061245, 0.003875589231029153, -0.011496932245790958, -0.010672477073967457, 0.015982748940587044, 0.0030024456791579723, 0.015385504812002182, 0.0017186972545459867, -0.0067709204740822315, -0.021552691236138344, -0.02657732367515564, 0.004774699918925762, 0.009153401479125023, -0.009432547725737095, -0.013003023341298103, 0.010088217444717884, -0.013853446580469608, -0.01498301513493061, 0.017462871968746185, 0.04006722941994667, -0.024954380467534065, -0.0046059140004217625, 0.006660560145974159, -0.016450155526399612, 0.008809337392449379, 0.017449889332056046, 0.0050992886535823345, 0.004966207314282656, 0.008724944666028023, -0.02591516263782978, 0.012548599392175674, 0.007439573295414448, -0.0023370387498289347, -0.00637492211535573, 0.006504757795482874, -0.000688128056935966, 0.0032345266081392765, 0.0018404179718345404, -0.012269453145563602, -0.005112272221595049, -0.01404819916933775, 0.005777678918093443, -0.015982748940587044, 0.012548599392175674, 0.0035996888764202595, 0.01606064848601818, -0.00460266787558794, 0.004330013412982225, -0.009523432701826096, 0.021176166832447052, -0.04544242098927498, -0.0019540239591151476, -0.011646242812275887, 0.007147443480789661, -0.0022980880457907915, -0.022760160267353058, 0.006978657096624374, -0.016813695430755615, -0.011152868159115314, 0.030485371127724648, 0.021059315651655197, 0.007738194894045591, 0.005706269759684801, 0.013684660196304321, 0.004258603788912296, 0.010977590456604958, 0.001682992442511022, 0.00845228973776102, -0.012697909958660603, 0.009997332468628883, -0.03274450823664665, -0.00804980006068945, 0.0005424688570201397, 0.0018452868098393083, -0.0039534904062747955, 0.01231489609926939, -0.024097464978694916, 0.020176434889435768, 0.004898043815046549, 0.004287817049771547, 0.012944597750902176, -0.007569408509880304, -0.00922481156885624, 0.024123432114720345, 0.029940063133835793, -0.016644909977912903, 0.0023078257218003273, 0.014281903393566608, 0.01017261017113924, -0.0016115829348564148, 0.0065242331475019455, 0.0017122054705396295, -0.02422730065882206, -0.013723610900342464, 0.010549132712185383, -0.0053037796169519424, 0.013658693060278893, 0.021721476688981056, 0.022331703454256058, -0.0011871831957250834, 0.008841796778142452, -0.01651507429778576, -0.0047876834869384766, 0.012288928963243961, 0.013554824516177177, 0.015034949406981468, 0.002849888987839222, 0.012879679910838604, -0.009153401479125023, -0.0112632280215621, -0.009718186222016811, 0.011912405490875244, 0.009237795136868954, -0.024331169202923775, 0.009880480356514454, 0.006514495238661766, 0.0016943530645221472, 0.01651507429778576, -0.0035445087123662233, -0.008212094195187092, 0.007290262263268232, -0.0017251890385523438, -0.01382747944444418, -0.008627568371593952, 0.0063879056833684444, 0.005274566356092691, -0.010971098206937313, -0.006082792300730944, -0.03103068098425865, -0.011711160652339458, 0.024084482342004776, -0.0039048022590577602, 0.003010560292750597, 0.007822588086128235, -0.015606225468218327, -0.0039827036671340466, -0.021942196413874626, -0.0033335259649902582, 0.007322721183300018, 0.007413606159389019, -0.012853712774813175, 0.020604891702532768, -0.000497432192787528, -0.00679688761010766, -0.0109256561845541, -0.00995838176459074, 0.0019150733714923263, -0.0013892396818846464, -0.0009129057289101183, -0.025785326957702637, 0.017618674784898758, 0.0025837260764092207, 0.016592975705862045, -0.002203957410529256, 0.021500756964087486, 0.014229969121515751, -0.023045798763632774, -0.02290297858417034, 0.0023256780114024878, 0.022240817546844482, 0.01425593625754118, 0.008737928234040737, 0.006894264370203018, -0.012256469577550888, -0.02168252505362034, -0.0038690974470227957, 0.0062775458209216595, -0.008595108985900879, -0.012360338121652603, 0.01716425083577633, -0.010698444209992886, 0.021929213777184486, 0.019864829257130623, -0.015086883679032326, -0.00760186742991209, 0.029446687549352646, 0.0111398845911026, -8.152755071932916e-06, 0.03601636365056038, 0.01733303628861904, 0.013282169587910175, -0.005297287832945585, -0.0021909738425165415, -0.00045767007395625114, -0.006254824344068766, 0.0018193196738138795, 0.0008504224242642522, 0.003677590051665902, -0.0015223210211843252, -0.010549132712185383, -0.008543174713850021, 0.01969604380428791, 0.00901707448065281, 0.007893997244536877, -0.014437706209719181, 0.011068475432693958, -0.016826678067445755, 0.010672477073967457, 0.03212129697203636, -0.01008172519505024, -0.010276478715240955, 0.01552832406014204, -0.006326233968138695, -0.01865735836327076, -0.007076033856719732, -0.01651507429778576, -0.011704669333994389, -0.02595411241054535, 0.0005428746226243675, 0.0017868608701974154, 0.009140417911112309, -0.004368964117020369, 0.010828278958797455, -0.01931951940059662, -0.00056965317344293, 0.02700578048825264, 0.012249978259205818, -0.007459048647433519, -0.023448288440704346, -0.0010654624784365296, 0.003719786647707224, 0.03300417959690094, -0.004086571745574474, 0.010743886232376099, 0.010997065342962742, 0.0067709204740822315, 0.0022169409785419703, -0.014840195886790752, -0.047286082059144974, 0.017086349427700043, 0.004054112825542688, 0.016242418438196182, -0.02418835088610649, -0.0037132948637008667, -0.02378586120903492, -0.0035347710363566875, 0.006465807091444731, -0.01123726088553667, 0.01081529539078474, 0.002861249493435025, -0.020462071523070335, 0.0057971542701125145, -0.008640551939606667, -0.0020789906848222017, 0.005281058140099049, -0.0017446642741560936, 0.013321120291948318, -0.0014233215479180217, 0.007140951696783304, -0.024149399250745773, 0.011840996332466602, 0.0050246333703398705, 0.008517207577824593, 0.011503423564136028, 0.020864563062787056, 0.012282436713576317, 0.013424988836050034, 0.009893463924527168, -0.012665451504290104, -0.01477527804672718, -0.010432281531393528, 0.008588617667555809, -0.005456336308270693, 0.013970297761261463, -0.006680035497993231, -0.015242685563862324, 0.0036224101204425097, 0.009127434343099594, -0.022864028811454773, 0.011847487650811672, 0.0031046909280121326, -0.024694709107279778, -0.0021309249568730593, -0.005748466122895479, 0.006998132448643446, 0.013918363489210606, 0.0072967540472745895, -0.01532058697193861, -0.008225077763199806, -0.011328145861625671, 0.019189683720469475, 0.022812094539403915, 0.020501023158431053, -0.00594646530225873, 0.005352467764168978, -0.0027752334717661142, 0.002338661579415202, 0.012373321689665318, 0.007868030108511448, -0.0007007058593444526, 0.02418835088610649, -0.01520373485982418, 0.01029595360159874, 0.012262961827218533, 0.003602934768423438, -0.0032069364096969366, -0.0022185638081282377, 0.0010524789104238153, 0.015554291196167469, 0.006469053216278553, -0.0014330591075122356, -0.0005327312392182648, -0.003632147563621402, -0.009880480356514454, 0.001220453530550003, -0.019124766811728477, -0.012334370985627174, -0.005751711782068014, -0.013269186951220036, -0.018566474318504333, 0.01632031984627247, -0.0024928413331508636, -0.010678968392312527, 0.012191551737487316, -0.004219653084874153, 0.0029927080031484365, -0.003671098267659545, -0.011308670975267887, -0.01867034286260605, 0.005251845344901085, -0.020838595926761627, 0.026421520859003067, 0.0026356603484600782, -0.0011863717809319496, -0.012379813008010387, 0.006842330098152161, -0.008225077763199806, -0.009718186222016811, -0.02531791850924492, 0.02464277483522892, 0.013775545172393322, -0.015255669131875038, 0.010192085057497025, 0.0009705202537588775, -0.005297287832945585, -0.018968963995575905, -0.01565815880894661, -0.006485282443463802, 0.006514495238661766, 9.981102630263194e-05, -0.007069542072713375, -0.0065988884307444096, -0.02682401053607464, -0.00847176555544138, -0.014853179454803467, 0.021786393597722054, 0.014970031566917896, 0.004836371634155512, 0.0013421743642538786, -0.010140151716768742, 0.0017333037685602903, 0.009906447492539883, -0.023461271077394485, 7.901706703705713e-05, -0.026109915226697922, -0.014710360206663609, -0.004132014233618975, -0.0007181524997577071, 0.026460472494363785, -0.014307870529592037, -0.019644109532237053, -0.004034637473523617, 0.007874522358179092, -0.0005132558871991932, -0.004453357309103012, -0.025603557005524635, -0.01844962313771248, 0.00302678975276649, 0.002768741687759757, 0.008134192787110806, -0.002285104477778077, 0.0032540017273277044, 0.013217252679169178, -0.003010560292750597, -0.009458514861762524, -0.00254315254278481, 0.004242374561727047, 0.0014119609259068966, -0.01220453530550003, -0.007134459912776947, 0.018917029723525047, 0.014606491662561893, 0.02076069451868534, -0.004729257430881262, -0.004255358129739761, -0.0008853157050907612, -0.0065988884307444096, 0.009880480356514454, -0.023474255576729774, -0.025447754189372063, -0.011165851727128029, 0.01168519351631403, 0.009523432701826096, 0.01821591891348362, -0.020410137251019478, 0.010068741627037525, 0.0034049355890601873, -0.018981948494911194, -0.0013454202562570572, -0.024772610515356064, 0.0031209203880280256, 0.003041396150365472, 0.007647309917956591, -0.006163939833641052, -0.011308670975267887, 0.007510982919484377, -0.005342730320990086, 0.004936994519084692, -0.01350289024412632, 0.01008172519505024, -0.020462071523070335, 0.004875322338193655, 0.02033223770558834, -0.016138549894094467, -0.00217149849049747, -0.0022380391601473093, 0.001704090740531683, -0.02697981335222721, 0.009620808996260166, -0.009270253591239452, 0.005579679738730192, -0.003654868807643652, 0.009763628244400024, 0.001183125888928771, 0.005875055678188801, -0.0015174521831795573, 0.017618674784898758, 0.022162918001413345, 0.003950244747102261, -0.005261582788079977, 0.0018663851078599691, -0.0003558303869795054, 0.0024376611690968275, 0.024279234930872917, 0.006624855566769838, -0.008549666963517666, -0.016605958342552185, -0.000981069402769208, 0.0016407959628850222, 0.006154201924800873, 0.027109649032354355, -0.02187727950513363, -0.004080079961568117, -0.0054855491034686565, -0.015723077580332756, -0.00868599396198988, -0.027551090344786644, 0.005923743825405836, 0.0160346832126379, -0.03357545658946037, -0.0020676301792263985, -0.006436594296246767, 0.038457270711660385, -0.004518274683505297, 0.01147096510976553, -0.01867034286260605, -0.003473099088296294, 0.018099065870046616, 0.00493374839425087, -0.019189683720469475, -0.007952423766255379, -0.011003557592630386, 0.03064117394387722, -0.005862072110176086, -0.002043285872787237, -0.002601578598842025, 0.012892663478851318, -0.003538016928359866, 0.020475056022405624, 0.016216451302170753, 0.010867229662835598, -0.005985416006296873, -0.014100133441388607, -0.005845842882990837, -0.005320008844137192, -0.019618142396211624, -0.0012115273857489228, 0.0075304582715034485, 0.00337572256103158, 0.006790395826101303, 0.0013186415890231729, 0.005735482554882765, 0.00530053349211812, 0.0339130274951458, 0.017969230189919472, -0.010984081774950027, 0.0025561361107975245, 0.013243219815194607, -0.002736282767727971, -0.014294886961579323, -0.034795910120010376, 0.015073900111019611, 0.02960249036550522, -0.026668207719922066, -0.011548866517841816, -0.007673277053982019, -0.016618942841887474, -0.0111398845911026, -0.002606447320431471, 0.010354380123317242, -0.006290529388934374, 0.015138817019760609, -0.010899689048528671, 0.020656825974583626, 0.0030998222064226866, 0.02355215698480606, -0.010101201012730598, -0.0005075755761936307, -0.0009883726015686989, -0.00866651814430952, 0.029914095997810364, 0.004570208955556154, -0.01632031984627247, 0.011172343045473099, 0.017034415155649185, -0.02251347340643406, 0.01990377902984619, 0.006365184672176838, 0.0057939086109399796, 0.0023792353458702564, 0.00026393120060674846, 0.0012374944053590298, 0.012451223097741604, 0.003492574440315366, 0.011386572383344173, 0.017008448019623756, -0.008906714618206024, 0.010146643035113811, 0.004398176912218332, 0.0104063143953681, 0.005183681845664978, -0.005540729500353336, -5.259351382846944e-05, 0.009971365332603455, 0.005660827271640301, -0.01843663863837719, 0.0022429078817367554, 0.01886509545147419, 0.009192352183163166, -0.020449088886380196, -0.02443503774702549, 0.008802846074104309, -0.035445086658000946, -0.012353845871984959, -0.008225077763199806, -0.014762294478714466, -0.009990840218961239, 0.024344153702259064, -0.006426856387406588, -0.0009072254179045558, 0.016865629702806473, -0.021500756964087486, 0.021929213777184486, 0.008153668604791164, -0.01587888039648533, 0.004625389352440834, 0.008861271664500237, 0.024551890790462494, 0.026032013818621635, 0.013308136723935604, -0.0329262800514698, -0.007056558504700661, -0.006021120585501194, -0.007290262263268232, -0.01733303628861904, 0.005109026096761227, -0.01425593625754118, -0.01060106698423624, -0.0010119052603840828, 0.01563219167292118, 0.007407114375382662, 0.011113917455077171, 0.006718986202031374, -0.006790395826101303, -0.004810404498130083, -0.011639751493930817, -0.020475056022405624, 0.025188084691762924, -0.003914539702236652, 0.003499066224321723, 0.024928413331508636, 0.008504224009811878, 0.02377287670969963, 0.00953641626983881, 0.0035347710363566875, 0.004102801438421011, 0.0012975434074178338, 0.011165851727128029, 0.028979280963540077, 0.008634059689939022, 0.009724677540361881, 0.00324101815931499, -0.008634059689939022, 0.00145983777474612, -0.021500756964087486, -0.003934015054255724, -0.019332503899931908, 0.0012861827854067087, -0.006274299696087837, 7.708981684118044e-06, 0.003515295684337616, 0.009640284813940525, -0.010114184580743313, 0.010471232235431671, -0.010218052193522453, 0.013087416999042034, 0.01716425083577633, -0.006426856387406588, -0.0022607604041695595, -0.0018988439114764333, 0.013424988836050034, -0.009263761341571808, -0.0009721431997604668, 0.028589773923158646, 0.005641351919621229, 0.017878346145153046, -0.009770120494067669, 0.007056558504700661, 0.023201601579785347, 0.000997298862785101, -0.029109114781022072, 0.014619475230574608, 0.003166362876072526, 0.009698710404336452, 0.0044663408771157265, -0.0001607728481758386, 0.04172912612557411, 0.0011539128609001637, 0.007965407334268093, -0.008614584803581238, 0.005313517060130835, 0.020695775747299194, -0.02955055609345436, -0.004615651443600655, 0.018073098734021187, -0.0017300578765571117, 0.010367363691329956, -0.009692219085991383, -0.006731969770044088, 0.008302979171276093, -0.0011701423209160566, 0.005436860956251621, -0.015190751291811466, 0.01295758131891489, 0.002333792857825756, -0.0052064028568565845, 0.023409338667988777, 0.014528590254485607, -0.040846243500709534, -0.0070825256407260895, -0.010912672616541386, 0.0014711982803419232, 0.0017138284165412188, 0.024694709107279778, 0.016554024070501328, -0.010854246094822884, 0.006361938547343016, -0.008179635740816593, -0.012600533664226532, 0.006498266011476517, -0.009809071198105812, -0.0009688973077572882, 0.003103068098425865, 0.00941307283937931, 0.032666608691215515, 0.008166652172803879, -0.019423387944698334, 0.0016464762156829238, 0.0031095598824322224, -0.005560204386711121, -0.004365717992186546, -0.005761449690908194, -0.010192085057497025, 0.033341750502586365, 0.0003673938335850835, -0.008108225651085377, -0.006339217536151409, 0.008913205936551094, 0.006900756154209375, 0.0051317475736141205, 0.0007343819597736001, 0.005926989950239658, 0.01425593625754118, 0.0004572643374558538, -0.014931080862879753, 0.009185860864818096, 0.03105664812028408, 0.021539706736803055, 0.007452556863427162, 0.00910795945674181, 0.018540507182478905, -0.008179635740816593, -0.009172877296805382, -0.017826411873102188, -0.004888305906206369, -0.01243823952972889, 0.0020611383952200413, -0.003784704254940152, 0.02939475327730179, 0.001290240092203021, -0.01693054661154747, 0.007316229399293661, -0.007199377752840519, -0.021955180913209915, 0.008004358038306236, 0.0036970654036849737, -0.0009267007699236274, -0.00550827058032155, -0.02140987105667591, -0.028875412419438362, 0.023837795481085777, -0.021539706736803055, 0.023669008165597916, 0.002257514512166381, 0.0016148288268595934, 0.0064950198866426945, 0.009601334109902382, 0.005167452152818441, -0.027914628386497498, 0.010211560875177383, 0.02396763116121292, 0.0022607604041695595, 0.00899110734462738, -0.022136950865387917, 0.011100933887064457, 0.0291350819170475, 0.006079546641558409, 0.024344153702259064, 0.02144882269203663, 0.0012374944053590298, -0.0031679857056587934, -0.010646509937942028, 0.007192885968834162, -0.023915696889162064, 0.015813961625099182, -0.01084126252681017, 0.0031257893424481153, -0.00866651814430952, -0.01402223203331232, -0.0052388617768883705, 0.013957314193248749, 0.0041222767904400826, -0.005268074572086334, 0.013158826157450676, -0.02700578048825264, -0.0011847488349303603, -0.02505824901163578, 0.011224277317523956, -0.0063554467633366585, 0.01060106698423624, 0.004836371634155512, 0.02635660395026207, 0.02379884384572506, -0.002424677601084113, 0.001652967999689281, -0.0018355491338297725, -0.020189417526125908, -0.025149133056402206, 0.00422614486888051, 0.004323521628975868, 0.0022834816481918097, -0.008497732691466808, -0.0024863495491445065, -0.02056594006717205, -0.007446065079420805, 0.01904686540365219, -0.0014955424703657627, 0.005573187954723835, -0.03474397584795952, 0.008186127059161663, 0.0024100712034851313, -0.004109293222427368, 0.0035412628203630447, -0.011302178725600243, 0.019799910485744476, -0.023928679525852203, 0.004907781258225441, -0.050246331840753555, -0.015242685563862324, 0.03258870542049408, 0.0062483325600624084, -0.0007790129166096449, -0.02053997293114662, 0.005358959548175335, 0.01733303628861904, -0.0057939086109399796, 0.0011628390057012439, -0.031108582392334938, -0.00856914184987545, 0.001671631820499897, -0.007666785269975662, -0.0014192641247063875, 0.0009697087807580829, -0.02568145841360092, 0.026849977672100067, -0.00015833842917345464, -0.014645442366600037, 0.005186927504837513, -0.020098533481359482, -0.00965975970029831, 0.005472565535455942, 0.015112850815057755, -0.012055224739015102, 0.002246153773739934, 0.00035867051337845623, -0.022344686090946198, -0.00910795945674181, 0.015333570539951324, 0.00941956415772438, 0.018358737230300903, 0.010640017688274384, -0.010906180366873741, -0.0015060915611684322, 0.022565407678484917, 0.01846260577440262, 0.016670875251293182, -0.007984882220625877, 0.016216451302170753, -0.006602134555578232, -0.024175366386771202, 0.004898043815046549, -0.0007465540547855198, -0.004326767288148403, -0.010789329186081886, -0.02057892456650734, -0.01673579402267933, 0.002192596672102809, -0.01341200526803732, -0.013236727565526962, -0.0160346832126379, 0.008244553580880165, 0.0004929691203869879, -0.013184793293476105, 0.0263825710862875, -0.01307443343102932, -0.00022822643222752959, 0.012620009481906891, 0.012516140937805176, -0.004988928325474262, 0.0023289239034056664, 0.00691373972222209, -0.023045798763632774, -0.013399021700024605, -0.03786002844572067, 0.017008448019623756, -0.00986100547015667, -0.020514005795121193, 0.012275945395231247, 0.02485051192343235, 0.010205068625509739, 0.0001607728481758386, 0.005608892999589443, -0.006764428690075874, 0.008750911802053452, 0.012178568169474602, 0.004946731962263584, -0.014411739073693752, -0.0025512671563774347, -0.02851187251508236, -0.008439306169748306, 0.02033223770558834, -0.006816362962126732, -0.015190751291811466, 0.0214228555560112, -0.003563984064385295, 0.02786269411444664, 0.010821787640452385, -0.020436104387044907, -0.004839617758989334, 0.015385504812002182, -0.004041129257529974, -0.005329746752977371, -0.01611258275806904, 0.0027022010181099176, 0.003210182301700115, 0.01889106258749962, -0.004550733603537083, -0.002687594620510936, -0.015541307628154755, -0.0007855047006160021, 0.022864028811454773, 0.010672477073967457, 0.01651507429778576, 0.007225344888865948, 0.024370120838284492, 0.007803112734109163, -0.025629524141550064, -0.005180435720831156, 0.021487772464752197, -0.010062250308692455, 0.00923130288720131, 0.011204802431166172, 0.0026778569445014, 0.00847176555544138, -0.004034637473523617, 0.01647612266242504, 0.0073616718873381615, -0.010893196798861027, 0.0031387729104608297, -0.0028969543054699898, -0.0068033793941140175, 0.0025090707931667566, 0.011821520514786243, 0.023019831627607346, 0.02163059078156948, 0.009361138567328453, 0.019020898267626762, -0.013840463012456894, 0.010893196798861027, -0.015125833451747894, -0.0042650955729186535, -0.010315429419279099, 0.015775011852383614, -0.004008670803159475, 0.032277099788188934, -0.012561582960188389, 0.000688128056935966, 0.010523165576159954, 0.013749578036367893, 0.0026307913940399885, 0.016372254118323326, 0.014710360206663609, 0.0015515340492129326, 0.002241285052150488, -0.00734219653531909, -0.003800933714956045, -0.007686260621994734, 0.00825753714889288, -0.007751178462058306, -0.011159359477460384, 0.024525923654437065, -0.011944864876568317, -0.006618363782763481, 0.001053290325216949, 0.01532058697193861, -0.0008199922158382833, 0.01498301513493061, -0.0015474766260012984, 0.012249978259205818, -0.005962694529443979, -0.011594308540225029, 0.01393134705722332, 0.009594841860234737, 0.012853712774813175, -0.005988661665469408, -0.004453357309103012, -0.0036061806604266167, 0.011269720271229744, 0.008153668604791164, 0.006952689960598946, -0.009030058048665524, 0.009614317677915096, -0.00042480547563172877, -0.0021698754280805588, 0.014320854097604752, -0.013684660196304321, 0.003693819511681795, -0.0175667405128479, -0.022136950865387917, 0.0025074477307498455, -0.001945909345522523, 0.02804446406662464, -0.027291418984532356, -0.012594042345881462, -0.01946233958005905, -0.015541307628154755, -0.010899689048528671, 0.003596442984417081, 0.01231489609926939, -0.01059457566589117, -0.03347158804535866, 0.008647043257951736, -0.012938106432557106, 0.005070075858384371, -0.002789839869365096, -0.014100133441388607, -0.012133126147091389, 0.0011774455197155476, 0.026473455131053925, 0.018955981358885765, -0.033964961767196655, -0.01582694612443447, -0.010354380123317242]"
